{
  "project_info": {
    "project_number": "825490111265",
    "project_id": "number-2d442e09",
    "storage_bucket": "number-2d442e09.firebasestorage.app"
  },
  "client": [
    {
      "client_info": {
        "mobilesdk_app_id": "1:825490111265:android:5a1cc545e538fe6107dc60",
        "android_client_info": {
          "package_name": "com.guess.Drift2D"
        }
      },
      "oauth_client": [],
      "api_key": [
        {
          "current_key": "AIzaSyAX4hihTU3IyajRLPQnRUjfHWopvmgJyp0"
        }
      ],
      "services": {
        "appinvite_service": {
          "other_platform_oauth_client": []
        }
      }
    }
  ],
  "configuration_version": "1"
}